,nomad,time,payani,nav,p/nav
0,سرو,2023-02-19 22:45:48.318208,87310.0,87994.0,0.992226742732459
